{
  "_format": "hh-sol-cache-2",
  "files": {
    "/home/lslha/Escritorio/tokenCreator/hardhat-typescript-template/contracts/Token.sol": {
      "lastModificationDate": 1638962810979,
      "contentHash": "9fa4877248f0cab3d7d8b546f954ac6b",
      "sourceName": "contracts/Token.sol",
      "solcConfig": {
        "version": "0.8.10",
        "settings": {
          "optimizer": {
            "enabled": true,
            "runs": 200
          },
          "outputSelection": {
            "*": {
              "*": [
                "abi",
                "evm.bytecode",
                "evm.deployedBytecode",
                "evm.methodIdentifiers"
              ],
              "": [
                "ast"
              ]
            }
          }
        }
      },
      "imports": [],
      "versionPragmas": [
        "0.8.10"
      ],
      "artifacts": [
        "Address",
        "Context",
        "IERC20",
        "IUniswapV2Factory",
        "IUniswapV2Router01",
        "IUniswapV2Router02",
        "Ownable",
        "SafeERC20",
        "SafeMath",
        "Token"
      ]
    },
    "/home/lslha/Escritorio/tokenCreator/hardhat-typescript-template/contracts/TokenCreator.sol": {
      "lastModificationDate": 1638962808947,
      "contentHash": "ea9cda25c68b8081c8912db4ab04c722",
      "sourceName": "contracts/TokenCreator.sol",
      "solcConfig": {
        "version": "0.8.10",
        "settings": {
          "optimizer": {
            "enabled": true,
            "runs": 200
          },
          "outputSelection": {
            "*": {
              "*": [
                "abi",
                "evm.bytecode",
                "evm.deployedBytecode",
                "evm.methodIdentifiers"
              ],
              "": [
                "ast"
              ]
            }
          }
        }
      },
      "imports": [
        "./Token.sol"
      ],
      "versionPragmas": [
        "0.8.10"
      ],
      "artifacts": [
        "TokenCreator"
      ]
    },
    "/home/lslha/Escritorio/tokenCreator/hardhat-typescript-template/contracts/Locker.sol": {
      "lastModificationDate": 1638964146415,
      "contentHash": "fa7550298833cdab7bbc5461e194a567",
      "sourceName": "contracts/Locker.sol",
      "solcConfig": {
        "version": "0.8.10",
        "settings": {
          "optimizer": {
            "enabled": true,
            "runs": 200
          },
          "outputSelection": {
            "*": {
              "*": [
                "abi",
                "evm.bytecode",
                "evm.deployedBytecode",
                "evm.methodIdentifiers"
              ],
              "": [
                "ast"
              ]
            }
          }
        }
      },
      "imports": [],
      "versionPragmas": [
        "0.8.10"
      ],
      "artifacts": [
        "Context",
        "ERC20",
        "IERC20",
        "IERC20Metadata",
        "Locker",
        "Ownable",
        "SafeMath"
      ]
    }
  }
}
